<annotation>
	<folder>my-project-name</folder>
	<filename>02cecf7f-0109-4414-bbb1-1950b9349e05.jpg</filename>
	<path>/my-project-name/02cecf7f-0109-4414-bbb1-1950b9349e05.jpg</path>
	<source>
		<database>Unspecified</database>
	</source>
	<size>
		<width>720</width>
		<height>1280</height>
		<depth>3</depth>
	</size>
	<object>
		<name>odometer</name>
		<pose>Unspecified</pose>
		<truncated>Unspecified</truncated>
		<difficult>Unspecified</difficult>
		<bndbox>
			<xmin>114</xmin>
			<ymin>549</ymin>
			<xmax>636</xmax>
			<ymax>822</ymax>
		</bndbox>
	</object>
</annotation>