<annotation>
	<folder>my-project-name</folder>
	<filename>03a5f1a9-2ff5-4849-976f-e69d8e72993b.jpg</filename>
	<path>/my-project-name/03a5f1a9-2ff5-4849-976f-e69d8e72993b.jpg</path>
	<source>
		<database>Unspecified</database>
	</source>
	<size>
		<width>1280</width>
		<height>720</height>
		<depth>3</depth>
	</size>
	<object>
		<name>odometer</name>
		<pose>Unspecified</pose>
		<truncated>Unspecified</truncated>
		<difficult>Unspecified</difficult>
		<bndbox>
			<xmin>189</xmin>
			<ymin>195</ymin>
			<xmax>843</xmax>
			<ymax>546</ymax>
		</bndbox>
	</object>
</annotation>