<annotation>
	<folder>my-project-name</folder>
	<filename>099234fb-ce73-4724-b9d1-e432a87cbf96.jpg</filename>
	<path>/my-project-name/099234fb-ce73-4724-b9d1-e432a87cbf96.jpg</path>
	<source>
		<database>Unspecified</database>
	</source>
	<size>
		<width>1280</width>
		<height>720</height>
		<depth>3</depth>
	</size>
	<object>
		<name>odometer</name>
		<pose>Unspecified</pose>
		<truncated>Unspecified</truncated>
		<difficult>Unspecified</difficult>
		<bndbox>
			<xmin>448</xmin>
			<ymin>325</ymin>
			<xmax>752</xmax>
			<ymax>439</ymax>
		</bndbox>
	</object>
</annotation>