<annotation>
	<folder>my-project-name</folder>
	<filename>0ba0fce0-2904-4ece-bf6e-21a69323803f.jpg</filename>
	<path>/my-project-name/0ba0fce0-2904-4ece-bf6e-21a69323803f.jpg</path>
	<source>
		<database>Unspecified</database>
	</source>
	<size>
		<width>1280</width>
		<height>720</height>
		<depth>3</depth>
	</size>
	<object>
		<name>odometer</name>
		<pose>Unspecified</pose>
		<truncated>Unspecified</truncated>
		<difficult>Unspecified</difficult>
		<bndbox>
			<xmin>347</xmin>
			<ymin>232</ymin>
			<xmax>747</xmax>
			<ymax>419</ymax>
		</bndbox>
	</object>
</annotation>