<annotation>
	<folder>my-project-name</folder>
	<filename>0dd77f17-7c22-4e34-af56-eed812874f2e.jpg</filename>
	<path>/my-project-name/0dd77f17-7c22-4e34-af56-eed812874f2e.jpg</path>
	<source>
		<database>Unspecified</database>
	</source>
	<size>
		<width>1280</width>
		<height>720</height>
		<depth>3</depth>
	</size>
	<object>
		<name>odometer</name>
		<pose>Unspecified</pose>
		<truncated>Unspecified</truncated>
		<difficult>Unspecified</difficult>
		<bndbox>
			<xmin>318</xmin>
			<ymin>138</ymin>
			<xmax>793</xmax>
			<ymax>395</ymax>
		</bndbox>
	</object>
</annotation>