<annotation>
	<folder>my-project-name</folder>
	<filename>10d854ab-9805-4a58-b099-94ef242b8455.jpg</filename>
	<path>/my-project-name/10d854ab-9805-4a58-b099-94ef242b8455.jpg</path>
	<source>
		<database>Unspecified</database>
	</source>
	<size>
		<width>1280</width>
		<height>720</height>
		<depth>3</depth>
	</size>
	<object>
		<name>odometer</name>
		<pose>Unspecified</pose>
		<truncated>Unspecified</truncated>
		<difficult>Unspecified</difficult>
		<bndbox>
			<xmin>473</xmin>
			<ymin>192</ymin>
			<xmax>902</xmax>
			<ymax>390</ymax>
		</bndbox>
	</object>
</annotation>