<annotation>
	<folder>my-project-name</folder>
	<filename>111fd1ff-28e1-4365-8066-ee09b0efcebf.jpg</filename>
	<path>/my-project-name/111fd1ff-28e1-4365-8066-ee09b0efcebf.jpg</path>
	<source>
		<database>Unspecified</database>
	</source>
	<size>
		<width>720</width>
		<height>1280</height>
		<depth>3</depth>
	</size>
	<object>
		<name>odometer</name>
		<pose>Unspecified</pose>
		<truncated>Unspecified</truncated>
		<difficult>Unspecified</difficult>
		<bndbox>
			<xmin>175</xmin>
			<ymin>551</ymin>
			<xmax>623</xmax>
			<ymax>700</ymax>
		</bndbox>
	</object>
</annotation>