<annotation>
	<folder>my-project-name</folder>
	<filename>118c4920-8a53-420e-bf56-8781f820906c.jpg</filename>
	<path>/my-project-name/118c4920-8a53-420e-bf56-8781f820906c.jpg</path>
	<source>
		<database>Unspecified</database>
	</source>
	<size>
		<width>1280</width>
		<height>720</height>
		<depth>3</depth>
	</size>
	<object>
		<name>odometer</name>
		<pose>Unspecified</pose>
		<truncated>Unspecified</truncated>
		<difficult>Unspecified</difficult>
		<bndbox>
			<xmin>543</xmin>
			<ymin>296</ymin>
			<xmax>747</xmax>
			<ymax>373</ymax>
		</bndbox>
	</object>
</annotation>