<annotation>
	<folder>my-project-name</folder>
	<filename>1390ea95-bb7d-47b3-a6ae-d8a6a153ab80.jpg</filename>
	<path>/my-project-name/1390ea95-bb7d-47b3-a6ae-d8a6a153ab80.jpg</path>
	<source>
		<database>Unspecified</database>
	</source>
	<size>
		<width>1280</width>
		<height>720</height>
		<depth>3</depth>
	</size>
	<object>
		<name>odometer</name>
		<pose>Unspecified</pose>
		<truncated>Unspecified</truncated>
		<difficult>Unspecified</difficult>
		<bndbox>
			<xmin>86</xmin>
			<ymin>548</ymin>
			<xmax>714</xmax>
			<ymax>666</ymax>
		</bndbox>
	</object>
</annotation>