<annotation>
	<folder>my-project-name</folder>
	<filename>1396b4a5-c262-4b81-a691-e07518454f59.jpg</filename>
	<path>/my-project-name/1396b4a5-c262-4b81-a691-e07518454f59.jpg</path>
	<source>
		<database>Unspecified</database>
	</source>
	<size>
		<width>1280</width>
		<height>720</height>
		<depth>3</depth>
	</size>
	<object>
		<name>odometer</name>
		<pose>Unspecified</pose>
		<truncated>Unspecified</truncated>
		<difficult>Unspecified</difficult>
		<bndbox>
			<xmin>229</xmin>
			<ymin>408</ymin>
			<xmax>840</xmax>
			<ymax>533</ymax>
		</bndbox>
	</object>
</annotation>