<annotation>
	<folder>my-project-name</folder>
	<filename>2d7b89e8-eb80-485f-99ca-878b21750768.jpg</filename>
	<path>/my-project-name/2d7b89e8-eb80-485f-99ca-878b21750768.jpg</path>
	<source>
		<database>Unspecified</database>
	</source>
	<size>
		<width>1280</width>
		<height>720</height>
		<depth>3</depth>
	</size>
	<object>
		<name>odometer</name>
		<pose>Unspecified</pose>
		<truncated>Unspecified</truncated>
		<difficult>Unspecified</difficult>
		<bndbox>
			<xmin>221</xmin>
			<ymin>0</ymin>
			<xmax>721</xmax>
			<ymax>490</ymax>
		</bndbox>
	</object>
</annotation>