<annotation>
	<folder>my-project-name</folder>
	<filename>30aca398-d141-418a-8e89-64a249fbdfe3.jpg</filename>
	<path>/my-project-name/30aca398-d141-418a-8e89-64a249fbdfe3.jpg</path>
	<source>
		<database>Unspecified</database>
	</source>
	<size>
		<width>1280</width>
		<height>720</height>
		<depth>3</depth>
	</size>
	<object>
		<name>odometer</name>
		<pose>Unspecified</pose>
		<truncated>Unspecified</truncated>
		<difficult>Unspecified</difficult>
		<bndbox>
			<xmin>374</xmin>
			<ymin>63</ymin>
			<xmax>795</xmax>
			<ymax>462</ymax>
		</bndbox>
	</object>
</annotation>