<annotation>
	<folder>my-project-name</folder>
	<filename>35852b70-0d9d-46fd-b341-5c13c036a945.jpg</filename>
	<path>/my-project-name/35852b70-0d9d-46fd-b341-5c13c036a945.jpg</path>
	<source>
		<database>Unspecified</database>
	</source>
	<size>
		<width>720</width>
		<height>1280</height>
		<depth>3</depth>
	</size>
	<object>
		<name>odometer</name>
		<pose>Unspecified</pose>
		<truncated>Unspecified</truncated>
		<difficult>Unspecified</difficult>
		<bndbox>
			<xmin>165</xmin>
			<ymin>390</ymin>
			<xmax>514</xmax>
			<ymax>529</ymax>
		</bndbox>
	</object>
</annotation>