<annotation>
	<folder>my-project-name</folder>
	<filename>37677d91-7d06-42b2-a8f0-4fdb5459a554.jpg</filename>
	<path>/my-project-name/37677d91-7d06-42b2-a8f0-4fdb5459a554.jpg</path>
	<source>
		<database>Unspecified</database>
	</source>
	<size>
		<width>1280</width>
		<height>720</height>
		<depth>3</depth>
	</size>
	<object>
		<name>odometer</name>
		<pose>Unspecified</pose>
		<truncated>Unspecified</truncated>
		<difficult>Unspecified</difficult>
		<bndbox>
			<xmin>310</xmin>
			<ymin>309</ymin>
			<xmax>706</xmax>
			<ymax>444</ymax>
		</bndbox>
	</object>
</annotation>