<annotation>
	<folder>my-project-name</folder>
	<filename>3ae75f6b-0afd-48dc-a79f-8e52368bb3f6.jpg</filename>
	<path>/my-project-name/3ae75f6b-0afd-48dc-a79f-8e52368bb3f6.jpg</path>
	<source>
		<database>Unspecified</database>
	</source>
	<size>
		<width>1280</width>
		<height>720</height>
		<depth>3</depth>
	</size>
	<object>
		<name>odometer</name>
		<pose>Unspecified</pose>
		<truncated>Unspecified</truncated>
		<difficult>Unspecified</difficult>
		<bndbox>
			<xmin>147</xmin>
			<ymin>129</ymin>
			<xmax>775</xmax>
			<ymax>424</ymax>
		</bndbox>
	</object>
</annotation>