<annotation>
	<folder>my-project-name</folder>
	<filename>42daa870-11d2-48dc-885c-64feefff7621.jpg</filename>
	<path>/my-project-name/42daa870-11d2-48dc-885c-64feefff7621.jpg</path>
	<source>
		<database>Unspecified</database>
	</source>
	<size>
		<width>1280</width>
		<height>720</height>
		<depth>3</depth>
	</size>
	<object>
		<name>odometer</name>
		<pose>Unspecified</pose>
		<truncated>Unspecified</truncated>
		<difficult>Unspecified</difficult>
		<bndbox>
			<xmin>252</xmin>
			<ymin>304</ymin>
			<xmax>655</xmax>
			<ymax>396</ymax>
		</bndbox>
	</object>
</annotation>