<annotation>
	<folder>my-project-name</folder>
	<filename>452a5685-1988-41b7-8285-27bdae509f05.jpg</filename>
	<path>/my-project-name/452a5685-1988-41b7-8285-27bdae509f05.jpg</path>
	<source>
		<database>Unspecified</database>
	</source>
	<size>
		<width>1280</width>
		<height>720</height>
		<depth>3</depth>
	</size>
	<object>
		<name>odometer</name>
		<pose>Unspecified</pose>
		<truncated>Unspecified</truncated>
		<difficult>Unspecified</difficult>
		<bndbox>
			<xmin>523</xmin>
			<ymin>266</ymin>
			<xmax>858</xmax>
			<ymax>376</ymax>
		</bndbox>
	</object>
</annotation>