<annotation>
	<folder>my-project-name</folder>
	<filename>455d761d-c8bd-46f6-8ede-0e5be1156a9c.jpg</filename>
	<path>/my-project-name/455d761d-c8bd-46f6-8ede-0e5be1156a9c.jpg</path>
	<source>
		<database>Unspecified</database>
	</source>
	<size>
		<width>1280</width>
		<height>720</height>
		<depth>3</depth>
	</size>
	<object>
		<name>odometer</name>
		<pose>Unspecified</pose>
		<truncated>Unspecified</truncated>
		<difficult>Unspecified</difficult>
		<bndbox>
			<xmin>411</xmin>
			<ymin>284</ymin>
			<xmax>781</xmax>
			<ymax>401</ymax>
		</bndbox>
	</object>
</annotation>