<annotation>
	<folder>my-project-name</folder>
	<filename>4784e682-a26d-49bf-8c2a-6a77e9bcc10d.jpg</filename>
	<path>/my-project-name/4784e682-a26d-49bf-8c2a-6a77e9bcc10d.jpg</path>
	<source>
		<database>Unspecified</database>
	</source>
	<size>
		<width>1280</width>
		<height>720</height>
		<depth>3</depth>
	</size>
	<object>
		<name>odometer</name>
		<pose>Unspecified</pose>
		<truncated>Unspecified</truncated>
		<difficult>Unspecified</difficult>
		<bndbox>
			<xmin>313</xmin>
			<ymin>252</ymin>
			<xmax>918</xmax>
			<ymax>431</ymax>
		</bndbox>
	</object>
</annotation>