<annotation>
	<folder>my-project-name</folder>
	<filename>4a25854f-6f47-4ada-8ab6-a62505bac1a2.jpg</filename>
	<path>/my-project-name/4a25854f-6f47-4ada-8ab6-a62505bac1a2.jpg</path>
	<source>
		<database>Unspecified</database>
	</source>
	<size>
		<width>1280</width>
		<height>720</height>
		<depth>3</depth>
	</size>
	<object>
		<name>odometer</name>
		<pose>Unspecified</pose>
		<truncated>Unspecified</truncated>
		<difficult>Unspecified</difficult>
		<bndbox>
			<xmin>216</xmin>
			<ymin>83</ymin>
			<xmax>890</xmax>
			<ymax>499</ymax>
		</bndbox>
	</object>
</annotation>