<annotation>
	<folder>my-project-name</folder>
	<filename>4e758798-c0ef-40a8-91bd-8eb9ee177629.jpg</filename>
	<path>/my-project-name/4e758798-c0ef-40a8-91bd-8eb9ee177629.jpg</path>
	<source>
		<database>Unspecified</database>
	</source>
	<size>
		<width>720</width>
		<height>1280</height>
		<depth>3</depth>
	</size>
	<object>
		<name>odometer</name>
		<pose>Unspecified</pose>
		<truncated>Unspecified</truncated>
		<difficult>Unspecified</difficult>
		<bndbox>
			<xmin>92</xmin>
			<ymin>471</ymin>
			<xmax>614</xmax>
			<ymax>712</ymax>
		</bndbox>
	</object>
</annotation>