<annotation>
	<folder>my-project-name</folder>
	<filename>582888a5-5dcf-4120-8994-aa97c3fe08e7.jpg</filename>
	<path>/my-project-name/582888a5-5dcf-4120-8994-aa97c3fe08e7.jpg</path>
	<source>
		<database>Unspecified</database>
	</source>
	<size>
		<width>720</width>
		<height>1280</height>
		<depth>3</depth>
	</size>
	<object>
		<name>odometer</name>
		<pose>Unspecified</pose>
		<truncated>Unspecified</truncated>
		<difficult>Unspecified</difficult>
		<bndbox>
			<xmin>241</xmin>
			<ymin>644</ymin>
			<xmax>540</xmax>
			<ymax>775</ymax>
		</bndbox>
	</object>
</annotation>