<annotation>
	<folder>my-project-name</folder>
	<filename>5bf82dd5-2f2d-4328-91c7-6e5f593eaa30.jpg</filename>
	<path>/my-project-name/5bf82dd5-2f2d-4328-91c7-6e5f593eaa30.jpg</path>
	<source>
		<database>Unspecified</database>
	</source>
	<size>
		<width>1280</width>
		<height>720</height>
		<depth>3</depth>
	</size>
	<object>
		<name>odometer</name>
		<pose>Unspecified</pose>
		<truncated>Unspecified</truncated>
		<difficult>Unspecified</difficult>
		<bndbox>
			<xmin>232</xmin>
			<ymin>129</ymin>
			<xmax>752</xmax>
			<ymax>338</ymax>
		</bndbox>
	</object>
</annotation>