<annotation>
	<folder>my-project-name</folder>
	<filename>6a6fe1aa-4332-401c-a194-98b92e2abb17.jpg</filename>
	<path>/my-project-name/6a6fe1aa-4332-401c-a194-98b92e2abb17.jpg</path>
	<source>
		<database>Unspecified</database>
	</source>
	<size>
		<width>720</width>
		<height>1280</height>
		<depth>3</depth>
	</size>
	<object>
		<name>odometer</name>
		<pose>Unspecified</pose>
		<truncated>Unspecified</truncated>
		<difficult>Unspecified</difficult>
		<bndbox>
			<xmin>223</xmin>
			<ymin>449</ymin>
			<xmax>553</xmax>
			<ymax>768</ymax>
		</bndbox>
	</object>
</annotation>