<annotation>
	<folder>my-project-name</folder>
	<filename>6ac56e1e-ff50-4ae5-93b8-7c4980b8a2c8.jpg</filename>
	<path>/my-project-name/6ac56e1e-ff50-4ae5-93b8-7c4980b8a2c8.jpg</path>
	<source>
		<database>Unspecified</database>
	</source>
	<size>
		<width>1280</width>
		<height>720</height>
		<depth>3</depth>
	</size>
	<object>
		<name>odometer</name>
		<pose>Unspecified</pose>
		<truncated>Unspecified</truncated>
		<difficult>Unspecified</difficult>
		<bndbox>
			<xmin>402</xmin>
			<ymin>290</ymin>
			<xmax>663</xmax>
			<ymax>438</ymax>
		</bndbox>
	</object>
</annotation>