<annotation>
	<folder>my-project-name</folder>
	<filename>6b58d253-4ebe-4440-9b78-8f65849f2312.jpg</filename>
	<path>/my-project-name/6b58d253-4ebe-4440-9b78-8f65849f2312.jpg</path>
	<source>
		<database>Unspecified</database>
	</source>
	<size>
		<width>1280</width>
		<height>720</height>
		<depth>3</depth>
	</size>
	<object>
		<name>odometer</name>
		<pose>Unspecified</pose>
		<truncated>Unspecified</truncated>
		<difficult>Unspecified</difficult>
		<bndbox>
			<xmin>442</xmin>
			<ymin>193</ymin>
			<xmax>847</xmax>
			<ymax>444</ymax>
		</bndbox>
	</object>
</annotation>