<annotation>
	<folder>my-project-name</folder>
	<filename>6ecf71df-bd08-4f2e-acd1-77d596604a03.jpg</filename>
	<path>/my-project-name/6ecf71df-bd08-4f2e-acd1-77d596604a03.jpg</path>
	<source>
		<database>Unspecified</database>
	</source>
	<size>
		<width>1280</width>
		<height>720</height>
		<depth>3</depth>
	</size>
	<object>
		<name>odometer</name>
		<pose>Unspecified</pose>
		<truncated>Unspecified</truncated>
		<difficult>Unspecified</difficult>
		<bndbox>
			<xmin>80</xmin>
			<ymin>282</ymin>
			<xmax>859</xmax>
			<ymax>554</ymax>
		</bndbox>
	</object>
</annotation>