<annotation>
	<folder>my-project-name</folder>
	<filename>70c04a3f-2779-4a0e-ae92-5aef01299565.jpg</filename>
	<path>/my-project-name/70c04a3f-2779-4a0e-ae92-5aef01299565.jpg</path>
	<source>
		<database>Unspecified</database>
	</source>
	<size>
		<width>1280</width>
		<height>720</height>
		<depth>3</depth>
	</size>
	<object>
		<name>odometer</name>
		<pose>Unspecified</pose>
		<truncated>Unspecified</truncated>
		<difficult>Unspecified</difficult>
		<bndbox>
			<xmin>351</xmin>
			<ymin>55</ymin>
			<xmax>747</xmax>
			<ymax>404</ymax>
		</bndbox>
	</object>
</annotation>