<annotation>
	<folder>my-project-name</folder>
	<filename>74a7bea0-7d8a-4918-b329-13e08993c12a.jpg</filename>
	<path>/my-project-name/74a7bea0-7d8a-4918-b329-13e08993c12a.jpg</path>
	<source>
		<database>Unspecified</database>
	</source>
	<size>
		<width>1280</width>
		<height>720</height>
		<depth>3</depth>
	</size>
	<object>
		<name>odometer</name>
		<pose>Unspecified</pose>
		<truncated>Unspecified</truncated>
		<difficult>Unspecified</difficult>
		<bndbox>
			<xmin>450</xmin>
			<ymin>250</ymin>
			<xmax>720</xmax>
			<ymax>356</ymax>
		</bndbox>
	</object>
</annotation>