<annotation>
	<folder>my-project-name</folder>
	<filename>7ddd1cb3-2a6a-4a8f-ac9b-4f7528f96ff3.jpg</filename>
	<path>/my-project-name/7ddd1cb3-2a6a-4a8f-ac9b-4f7528f96ff3.jpg</path>
	<source>
		<database>Unspecified</database>
	</source>
	<size>
		<width>1280</width>
		<height>720</height>
		<depth>3</depth>
	</size>
	<object>
		<name>odometer</name>
		<pose>Unspecified</pose>
		<truncated>Unspecified</truncated>
		<difficult>Unspecified</difficult>
		<bndbox>
			<xmin>196</xmin>
			<ymin>54</ymin>
			<xmax>829</xmax>
			<ymax>431</ymax>
		</bndbox>
	</object>
</annotation>