<annotation>
	<folder>my-project-name</folder>
	<filename>80cc9ffd-1b77-49ce-a54a-c2739b675235.jpg</filename>
	<path>/my-project-name/80cc9ffd-1b77-49ce-a54a-c2739b675235.jpg</path>
	<source>
		<database>Unspecified</database>
	</source>
	<size>
		<width>720</width>
		<height>1280</height>
		<depth>3</depth>
	</size>
	<object>
		<name>odometer</name>
		<pose>Unspecified</pose>
		<truncated>Unspecified</truncated>
		<difficult>Unspecified</difficult>
		<bndbox>
			<xmin>67</xmin>
			<ymin>500</ymin>
			<xmax>548</xmax>
			<ymax>775</ymax>
		</bndbox>
	</object>
</annotation>