<annotation>
	<folder>my-project-name</folder>
	<filename>82c06189-b4a2-4d37-a4c2-c59b2d7e1361.jpg</filename>
	<path>/my-project-name/82c06189-b4a2-4d37-a4c2-c59b2d7e1361.jpg</path>
	<source>
		<database>Unspecified</database>
	</source>
	<size>
		<width>720</width>
		<height>1280</height>
		<depth>3</depth>
	</size>
	<object>
		<name>odometer</name>
		<pose>Unspecified</pose>
		<truncated>Unspecified</truncated>
		<difficult>Unspecified</difficult>
		<bndbox>
			<xmin>182</xmin>
			<ymin>475</ymin>
			<xmax>531</xmax>
			<ymax>822</ymax>
		</bndbox>
	</object>
</annotation>