<annotation>
	<folder>my-project-name</folder>
	<filename>870d94e4-52f8-4bd8-8bb1-da52b4934762.jpg</filename>
	<path>/my-project-name/870d94e4-52f8-4bd8-8bb1-da52b4934762.jpg</path>
	<source>
		<database>Unspecified</database>
	</source>
	<size>
		<width>1280</width>
		<height>720</height>
		<depth>3</depth>
	</size>
	<object>
		<name>odometer</name>
		<pose>Unspecified</pose>
		<truncated>Unspecified</truncated>
		<difficult>Unspecified</difficult>
		<bndbox>
			<xmin>253</xmin>
			<ymin>269</ymin>
			<xmax>760</xmax>
			<ymax>454</ymax>
		</bndbox>
	</object>
</annotation>