<annotation>
	<folder>my-project-name</folder>
	<filename>88a447a7-abc7-4fb3-8c12-06685b200bf2.jpg</filename>
	<path>/my-project-name/88a447a7-abc7-4fb3-8c12-06685b200bf2.jpg</path>
	<source>
		<database>Unspecified</database>
	</source>
	<size>
		<width>1280</width>
		<height>720</height>
		<depth>3</depth>
	</size>
	<object>
		<name>odometer</name>
		<pose>Unspecified</pose>
		<truncated>Unspecified</truncated>
		<difficult>Unspecified</difficult>
		<bndbox>
			<xmin>398</xmin>
			<ymin>200</ymin>
			<xmax>744</xmax>
			<ymax>345</ymax>
		</bndbox>
	</object>
</annotation>