<annotation>
	<folder>my-project-name</folder>
	<filename>8cc820b5-b9f3-4f08-bdc7-2204760fcf01.jpg</filename>
	<path>/my-project-name/8cc820b5-b9f3-4f08-bdc7-2204760fcf01.jpg</path>
	<source>
		<database>Unspecified</database>
	</source>
	<size>
		<width>1280</width>
		<height>720</height>
		<depth>3</depth>
	</size>
	<object>
		<name>odometer</name>
		<pose>Unspecified</pose>
		<truncated>Unspecified</truncated>
		<difficult>Unspecified</difficult>
		<bndbox>
			<xmin>358</xmin>
			<ymin>204</ymin>
			<xmax>700</xmax>
			<ymax>355</ymax>
		</bndbox>
	</object>
</annotation>