<annotation>
	<folder>my-project-name</folder>
	<filename>8d519446-14c0-466d-856c-cf84ab2f5144.jpg</filename>
	<path>/my-project-name/8d519446-14c0-466d-856c-cf84ab2f5144.jpg</path>
	<source>
		<database>Unspecified</database>
	</source>
	<size>
		<width>720</width>
		<height>1280</height>
		<depth>3</depth>
	</size>
	<object>
		<name>odometer</name>
		<pose>Unspecified</pose>
		<truncated>Unspecified</truncated>
		<difficult>Unspecified</difficult>
		<bndbox>
			<xmin>31</xmin>
			<ymin>412</ymin>
			<xmax>604</xmax>
			<ymax>739</ymax>
		</bndbox>
	</object>
</annotation>