<annotation>
	<folder>my-project-name</folder>
	<filename>90cc1507-ced5-4a6d-918b-f16f91f3f4d9.jpg</filename>
	<path>/my-project-name/90cc1507-ced5-4a6d-918b-f16f91f3f4d9.jpg</path>
	<source>
		<database>Unspecified</database>
	</source>
	<size>
		<width>1280</width>
		<height>720</height>
		<depth>3</depth>
	</size>
	<object>
		<name>odometer</name>
		<pose>Unspecified</pose>
		<truncated>Unspecified</truncated>
		<difficult>Unspecified</difficult>
		<bndbox>
			<xmin>325</xmin>
			<ymin>256</ymin>
			<xmax>913</xmax>
			<ymax>474</ymax>
		</bndbox>
	</object>
</annotation>