<annotation>
	<folder>my-project-name</folder>
	<filename>90fa0766-9a01-4f3b-b578-6ffcdeeab90b.jpg</filename>
	<path>/my-project-name/90fa0766-9a01-4f3b-b578-6ffcdeeab90b.jpg</path>
	<source>
		<database>Unspecified</database>
	</source>
	<size>
		<width>1280</width>
		<height>720</height>
		<depth>3</depth>
	</size>
	<object>
		<name>odometer</name>
		<pose>Unspecified</pose>
		<truncated>Unspecified</truncated>
		<difficult>Unspecified</difficult>
		<bndbox>
			<xmin>444</xmin>
			<ymin>335</ymin>
			<xmax>844</xmax>
			<ymax>467</ymax>
		</bndbox>
	</object>
</annotation>