<annotation>
	<folder>my-project-name</folder>
	<filename>91104b97-524b-40d8-835e-85974ab69587.jpg</filename>
	<path>/my-project-name/91104b97-524b-40d8-835e-85974ab69587.jpg</path>
	<source>
		<database>Unspecified</database>
	</source>
	<size>
		<width>1280</width>
		<height>720</height>
		<depth>3</depth>
	</size>
	<object>
		<name>odometer</name>
		<pose>Unspecified</pose>
		<truncated>Unspecified</truncated>
		<difficult>Unspecified</difficult>
		<bndbox>
			<xmin>381</xmin>
			<ymin>293</ymin>
			<xmax>787</xmax>
			<ymax>450</ymax>
		</bndbox>
	</object>
</annotation>