<annotation>
	<folder>my-project-name</folder>
	<filename>91a0db1b-dd20-49ab-a195-10027879537a.jpg</filename>
	<path>/my-project-name/91a0db1b-dd20-49ab-a195-10027879537a.jpg</path>
	<source>
		<database>Unspecified</database>
	</source>
	<size>
		<width>1280</width>
		<height>720</height>
		<depth>3</depth>
	</size>
	<object>
		<name>odometer</name>
		<pose>Unspecified</pose>
		<truncated>Unspecified</truncated>
		<difficult>Unspecified</difficult>
		<bndbox>
			<xmin>89</xmin>
			<ymin>341</ymin>
			<xmax>858</xmax>
			<ymax>577</ymax>
		</bndbox>
	</object>
</annotation>