<annotation>
	<folder>my-project-name</folder>
	<filename>978e0e69-d80d-4063-ba23-6b7c86d47262.jpg</filename>
	<path>/my-project-name/978e0e69-d80d-4063-ba23-6b7c86d47262.jpg</path>
	<source>
		<database>Unspecified</database>
	</source>
	<size>
		<width>1280</width>
		<height>720</height>
		<depth>3</depth>
	</size>
	<object>
		<name>odometer</name>
		<pose>Unspecified</pose>
		<truncated>Unspecified</truncated>
		<difficult>Unspecified</difficult>
		<bndbox>
			<xmin>411</xmin>
			<ymin>273</ymin>
			<xmax>774</xmax>
			<ymax>411</ymax>
		</bndbox>
	</object>
</annotation>