<annotation>
	<folder>my-project-name</folder>
	<filename>97dbfac1-50e6-4c80-87de-f0f2e798648f.jpg</filename>
	<path>/my-project-name/97dbfac1-50e6-4c80-87de-f0f2e798648f.jpg</path>
	<source>
		<database>Unspecified</database>
	</source>
	<size>
		<width>720</width>
		<height>1280</height>
		<depth>3</depth>
	</size>
	<object>
		<name>odometer</name>
		<pose>Unspecified</pose>
		<truncated>Unspecified</truncated>
		<difficult>Unspecified</difficult>
		<bndbox>
			<xmin>306</xmin>
			<ymin>561</ymin>
			<xmax>638</xmax>
			<ymax>712</ymax>
		</bndbox>
	</object>
</annotation>