<annotation>
	<folder>my-project-name</folder>
	<filename>97e87a0c-4c28-4cc0-98f2-3fd1b086812b.jpg</filename>
	<path>/my-project-name/97e87a0c-4c28-4cc0-98f2-3fd1b086812b.jpg</path>
	<source>
		<database>Unspecified</database>
	</source>
	<size>
		<width>1280</width>
		<height>720</height>
		<depth>3</depth>
	</size>
	<object>
		<name>odometer</name>
		<pose>Unspecified</pose>
		<truncated>Unspecified</truncated>
		<difficult>Unspecified</difficult>
		<bndbox>
			<xmin>391</xmin>
			<ymin>167</ymin>
			<xmax>786</xmax>
			<ymax>315</ymax>
		</bndbox>
	</object>
</annotation>