<annotation>
	<folder>my-project-name</folder>
	<filename>99504cb3-a669-4695-8d3e-edee7c06cc74.jpg</filename>
	<path>/my-project-name/99504cb3-a669-4695-8d3e-edee7c06cc74.jpg</path>
	<source>
		<database>Unspecified</database>
	</source>
	<size>
		<width>720</width>
		<height>1280</height>
		<depth>3</depth>
	</size>
	<object>
		<name>odometer</name>
		<pose>Unspecified</pose>
		<truncated>Unspecified</truncated>
		<difficult>Unspecified</difficult>
		<bndbox>
			<xmin>128</xmin>
			<ymin>449</ymin>
			<xmax>645</xmax>
			<ymax>588</ymax>
		</bndbox>
	</object>
</annotation>