<annotation>
	<folder>my-project-name</folder>
	<filename>9a563f06-b87d-4d76-86a3-d39f183e8674.jpg</filename>
	<path>/my-project-name/9a563f06-b87d-4d76-86a3-d39f183e8674.jpg</path>
	<source>
		<database>Unspecified</database>
	</source>
	<size>
		<width>720</width>
		<height>1280</height>
		<depth>3</depth>
	</size>
	<object>
		<name>odometer</name>
		<pose>Unspecified</pose>
		<truncated>Unspecified</truncated>
		<difficult>Unspecified</difficult>
		<bndbox>
			<xmin>53</xmin>
			<ymin>646</ymin>
			<xmax>618</xmax>
			<ymax>788</ymax>
		</bndbox>
	</object>
</annotation>