<annotation>
	<folder>my-project-name</folder>
	<filename>a08ae124-6c88-490c-8af4-660157cb6945.jpg</filename>
	<path>/my-project-name/a08ae124-6c88-490c-8af4-660157cb6945.jpg</path>
	<source>
		<database>Unspecified</database>
	</source>
	<size>
		<width>1280</width>
		<height>720</height>
		<depth>3</depth>
	</size>
	<object>
		<name>odometer</name>
		<pose>Unspecified</pose>
		<truncated>Unspecified</truncated>
		<difficult>Unspecified</difficult>
		<bndbox>
			<xmin>440</xmin>
			<ymin>227</ymin>
			<xmax>827</xmax>
			<ymax>384</ymax>
		</bndbox>
	</object>
</annotation>