<annotation>
	<folder>my-project-name</folder>
	<filename>a1d54862-9883-43a4-878b-9cddb089c21c.jpg</filename>
	<path>/my-project-name/a1d54862-9883-43a4-878b-9cddb089c21c.jpg</path>
	<source>
		<database>Unspecified</database>
	</source>
	<size>
		<width>720</width>
		<height>1280</height>
		<depth>3</depth>
	</size>
	<object>
		<name>odometer</name>
		<pose>Unspecified</pose>
		<truncated>Unspecified</truncated>
		<difficult>Unspecified</difficult>
		<bndbox>
			<xmin>189</xmin>
			<ymin>514</ymin>
			<xmax>475</xmax>
			<ymax>646</ymax>
		</bndbox>
	</object>
</annotation>