<annotation>
	<folder>my-project-name</folder>
	<filename>a276a087-df3b-46b4-a961-0e723d73904e.jpg</filename>
	<path>/my-project-name/a276a087-df3b-46b4-a961-0e723d73904e.jpg</path>
	<source>
		<database>Unspecified</database>
	</source>
	<size>
		<width>1280</width>
		<height>720</height>
		<depth>3</depth>
	</size>
	<object>
		<name>odometer</name>
		<pose>Unspecified</pose>
		<truncated>Unspecified</truncated>
		<difficult>Unspecified</difficult>
		<bndbox>
			<xmin>436</xmin>
			<ymin>352</ymin>
			<xmax>724</xmax>
			<ymax>433</ymax>
		</bndbox>
	</object>
</annotation>