<annotation>
	<folder>my-project-name</folder>
	<filename>a2fe3ac2-36c6-4fea-9a13-dbe17ab5af81.jpg</filename>
	<path>/my-project-name/a2fe3ac2-36c6-4fea-9a13-dbe17ab5af81.jpg</path>
	<source>
		<database>Unspecified</database>
	</source>
	<size>
		<width>1280</width>
		<height>720</height>
		<depth>3</depth>
	</size>
	<object>
		<name>odometer</name>
		<pose>Unspecified</pose>
		<truncated>Unspecified</truncated>
		<difficult>Unspecified</difficult>
		<bndbox>
			<xmin>364</xmin>
			<ymin>318</ymin>
			<xmax>895</xmax>
			<ymax>487</ymax>
		</bndbox>
	</object>
</annotation>