<annotation>
	<folder>my-project-name</folder>
	<filename>a3279652-3ace-4729-936f-a485fc608e2b.jpg</filename>
	<path>/my-project-name/a3279652-3ace-4729-936f-a485fc608e2b.jpg</path>
	<source>
		<database>Unspecified</database>
	</source>
	<size>
		<width>1280</width>
		<height>720</height>
		<depth>3</depth>
	</size>
	<object>
		<name>odometer</name>
		<pose>Unspecified</pose>
		<truncated>Unspecified</truncated>
		<difficult>Unspecified</difficult>
		<bndbox>
			<xmin>264</xmin>
			<ymin>124</ymin>
			<xmax>833</xmax>
			<ymax>270</ymax>
		</bndbox>
	</object>
</annotation>