<annotation>
	<folder>my-project-name</folder>
	<filename>a4be9d83-76b1-488c-93a0-161cc663bc8a.jpg</filename>
	<path>/my-project-name/a4be9d83-76b1-488c-93a0-161cc663bc8a.jpg</path>
	<source>
		<database>Unspecified</database>
	</source>
	<size>
		<width>1280</width>
		<height>720</height>
		<depth>3</depth>
	</size>
	<object>
		<name>odometer</name>
		<pose>Unspecified</pose>
		<truncated>Unspecified</truncated>
		<difficult>Unspecified</difficult>
		<bndbox>
			<xmin>296</xmin>
			<ymin>327</ymin>
			<xmax>758</xmax>
			<ymax>487</ymax>
		</bndbox>
	</object>
</annotation>