<annotation>
	<folder>my-project-name</folder>
	<filename>a520ce92-a596-4849-9dd9-cddf114e078d.jpg</filename>
	<path>/my-project-name/a520ce92-a596-4849-9dd9-cddf114e078d.jpg</path>
	<source>
		<database>Unspecified</database>
	</source>
	<size>
		<width>1280</width>
		<height>720</height>
		<depth>3</depth>
	</size>
	<object>
		<name>odometer</name>
		<pose>Unspecified</pose>
		<truncated>Unspecified</truncated>
		<difficult>Unspecified</difficult>
		<bndbox>
			<xmin>531</xmin>
			<ymin>261</ymin>
			<xmax>889</xmax>
			<ymax>395</ymax>
		</bndbox>
	</object>
</annotation>