<annotation>
	<folder>my-project-name</folder>
	<filename>a74f4b45-57fd-4c74-a16a-26452632ce26.jpg</filename>
	<path>/my-project-name/a74f4b45-57fd-4c74-a16a-26452632ce26.jpg</path>
	<source>
		<database>Unspecified</database>
	</source>
	<size>
		<width>1280</width>
		<height>720</height>
		<depth>3</depth>
	</size>
	<object>
		<name>odometer</name>
		<pose>Unspecified</pose>
		<truncated>Unspecified</truncated>
		<difficult>Unspecified</difficult>
		<bndbox>
			<xmin>385</xmin>
			<ymin>333</ymin>
			<xmax>852</xmax>
			<ymax>488</ymax>
		</bndbox>
	</object>
</annotation>