<annotation>
	<folder>my-project-name</folder>
	<filename>acf990a0-9bd0-4bdf-95a8-0bfb2bbcc76e.jpg</filename>
	<path>/my-project-name/acf990a0-9bd0-4bdf-95a8-0bfb2bbcc76e.jpg</path>
	<source>
		<database>Unspecified</database>
	</source>
	<size>
		<width>1280</width>
		<height>720</height>
		<depth>3</depth>
	</size>
	<object>
		<name>odometer</name>
		<pose>Unspecified</pose>
		<truncated>Unspecified</truncated>
		<difficult>Unspecified</difficult>
		<bndbox>
			<xmin>321</xmin>
			<ymin>269</ymin>
			<xmax>731</xmax>
			<ymax>407</ymax>
		</bndbox>
	</object>
</annotation>