<annotation>
	<folder>my-project-name</folder>
	<filename>ad0751c7-4c9b-4874-b027-af80deb335bf.jpg</filename>
	<path>/my-project-name/ad0751c7-4c9b-4874-b027-af80deb335bf.jpg</path>
	<source>
		<database>Unspecified</database>
	</source>
	<size>
		<width>720</width>
		<height>1280</height>
		<depth>3</depth>
	</size>
	<object>
		<name>odometer</name>
		<pose>Unspecified</pose>
		<truncated>Unspecified</truncated>
		<difficult>Unspecified</difficult>
		<bndbox>
			<xmin>199</xmin>
			<ymin>597</ymin>
			<xmax>592</xmax>
			<ymax>709</ymax>
		</bndbox>
	</object>
</annotation>