<annotation>
	<folder>my-project-name</folder>
	<filename>b0648bd6-1d6e-4e54-9714-d432549c44b9.jpg</filename>
	<path>/my-project-name/b0648bd6-1d6e-4e54-9714-d432549c44b9.jpg</path>
	<source>
		<database>Unspecified</database>
	</source>
	<size>
		<width>1280</width>
		<height>720</height>
		<depth>3</depth>
	</size>
	<object>
		<name>odometer</name>
		<pose>Unspecified</pose>
		<truncated>Unspecified</truncated>
		<difficult>Unspecified</difficult>
		<bndbox>
			<xmin>270</xmin>
			<ymin>189</ymin>
			<xmax>681</xmax>
			<ymax>310</ymax>
		</bndbox>
	</object>
</annotation>