<annotation>
	<folder>my-project-name</folder>
	<filename>b11744d2-3595-45c4-9bc4-558a07c8801e.jpg</filename>
	<path>/my-project-name/b11744d2-3595-45c4-9bc4-558a07c8801e.jpg</path>
	<source>
		<database>Unspecified</database>
	</source>
	<size>
		<width>720</width>
		<height>1280</height>
		<depth>3</depth>
	</size>
	<object>
		<name>odometer</name>
		<pose>Unspecified</pose>
		<truncated>Unspecified</truncated>
		<difficult>Unspecified</difficult>
		<bndbox>
			<xmin>143</xmin>
			<ymin>471</ymin>
			<xmax>518</xmax>
			<ymax>578</ymax>
		</bndbox>
	</object>
</annotation>