<annotation>
	<folder>my-project-name</folder>
	<filename>b1a2a2a1-3e5f-429a-bc6a-96c7f26e3e67.jpg</filename>
	<path>/my-project-name/b1a2a2a1-3e5f-429a-bc6a-96c7f26e3e67.jpg</path>
	<source>
		<database>Unspecified</database>
	</source>
	<size>
		<width>1280</width>
		<height>720</height>
		<depth>3</depth>
	</size>
	<object>
		<name>odometer</name>
		<pose>Unspecified</pose>
		<truncated>Unspecified</truncated>
		<difficult>Unspecified</difficult>
		<bndbox>
			<xmin>269</xmin>
			<ymin>589</ymin>
			<xmax>800</xmax>
			<ymax>683</ymax>
		</bndbox>
	</object>
</annotation>