<annotation>
	<folder>my-project-name</folder>
	<filename>b2f080d8-8e69-4ea5-8f75-1865d76c17fa.jpg</filename>
	<path>/my-project-name/b2f080d8-8e69-4ea5-8f75-1865d76c17fa.jpg</path>
	<source>
		<database>Unspecified</database>
	</source>
	<size>
		<width>1280</width>
		<height>720</height>
		<depth>3</depth>
	</size>
	<object>
		<name>odometer</name>
		<pose>Unspecified</pose>
		<truncated>Unspecified</truncated>
		<difficult>Unspecified</difficult>
		<bndbox>
			<xmin>221</xmin>
			<ymin>233</ymin>
			<xmax>701</xmax>
			<ymax>352</ymax>
		</bndbox>
	</object>
</annotation>