<annotation>
	<folder>my-project-name</folder>
	<filename>b6988bbc-a0af-441f-a779-b3ec301ea045.jpg</filename>
	<path>/my-project-name/b6988bbc-a0af-441f-a779-b3ec301ea045.jpg</path>
	<source>
		<database>Unspecified</database>
	</source>
	<size>
		<width>1280</width>
		<height>720</height>
		<depth>3</depth>
	</size>
	<object>
		<name>odometer</name>
		<pose>Unspecified</pose>
		<truncated>Unspecified</truncated>
		<difficult>Unspecified</difficult>
		<bndbox>
			<xmin>232</xmin>
			<ymin>238</ymin>
			<xmax>638</xmax>
			<ymax>359</ymax>
		</bndbox>
	</object>
</annotation>