<annotation>
	<folder>my-project-name</folder>
	<filename>b7fc3f82-aac6-4dbb-b7e4-027aa8da34fc.jpg</filename>
	<path>/my-project-name/b7fc3f82-aac6-4dbb-b7e4-027aa8da34fc.jpg</path>
	<source>
		<database>Unspecified</database>
	</source>
	<size>
		<width>720</width>
		<height>1280</height>
		<depth>3</depth>
	</size>
	<object>
		<name>odometer</name>
		<pose>Unspecified</pose>
		<truncated>Unspecified</truncated>
		<difficult>Unspecified</difficult>
		<bndbox>
			<xmin>216</xmin>
			<ymin>617</ymin>
			<xmax>553</xmax>
			<ymax>714</ymax>
		</bndbox>
	</object>
</annotation>