<annotation>
	<folder>my-project-name</folder>
	<filename>bb37dbd4-c348-4e52-892c-47a4314005df.jpg</filename>
	<path>/my-project-name/bb37dbd4-c348-4e52-892c-47a4314005df.jpg</path>
	<source>
		<database>Unspecified</database>
	</source>
	<size>
		<width>420</width>
		<height>193</height>
		<depth>3</depth>
	</size>
	<object>
		<name>odometer</name>
		<pose>Unspecified</pose>
		<truncated>Unspecified</truncated>
		<difficult>Unspecified</difficult>
		<bndbox>
			<xmin>117</xmin>
			<ymin>35</ymin>
			<xmax>335</xmax>
			<ymax>98</ymax>
		</bndbox>
	</object>
</annotation>