<annotation>
	<folder>my-project-name</folder>
	<filename>bf4a035b-fee3-45c3-b215-cee6967ef51f.jpg</filename>
	<path>/my-project-name/bf4a035b-fee3-45c3-b215-cee6967ef51f.jpg</path>
	<source>
		<database>Unspecified</database>
	</source>
	<size>
		<width>1280</width>
		<height>720</height>
		<depth>3</depth>
	</size>
	<object>
		<name>odometer</name>
		<pose>Unspecified</pose>
		<truncated>Unspecified</truncated>
		<difficult>Unspecified</difficult>
		<bndbox>
			<xmin>362</xmin>
			<ymin>143</ymin>
			<xmax>826</xmax>
			<ymax>298</ymax>
		</bndbox>
	</object>
</annotation>