<annotation>
	<folder>my-project-name</folder>
	<filename>c1f43c92-ed98-4180-9926-3f9a760d8486.jpg</filename>
	<path>/my-project-name/c1f43c92-ed98-4180-9926-3f9a760d8486.jpg</path>
	<source>
		<database>Unspecified</database>
	</source>
	<size>
		<width>1280</width>
		<height>720</height>
		<depth>3</depth>
	</size>
	<object>
		<name>odometer</name>
		<pose>Unspecified</pose>
		<truncated>Unspecified</truncated>
		<difficult>Unspecified</difficult>
		<bndbox>
			<xmin>506</xmin>
			<ymin>341</ymin>
			<xmax>795</xmax>
			<ymax>419</ymax>
		</bndbox>
	</object>
</annotation>