<annotation>
	<folder>my-project-name</folder>
	<filename>c286f540-3c18-4bc5-921e-c3991650f29c.jpg</filename>
	<path>/my-project-name/c286f540-3c18-4bc5-921e-c3991650f29c.jpg</path>
	<source>
		<database>Unspecified</database>
	</source>
	<size>
		<width>1280</width>
		<height>720</height>
		<depth>3</depth>
	</size>
	<object>
		<name>odometer</name>
		<pose>Unspecified</pose>
		<truncated>Unspecified</truncated>
		<difficult>Unspecified</difficult>
		<bndbox>
			<xmin>312</xmin>
			<ymin>322</ymin>
			<xmax>734</xmax>
			<ymax>433</ymax>
		</bndbox>
	</object>
</annotation>