<annotation>
	<folder>my-project-name</folder>
	<filename>c491ba89-2641-4655-b0fd-e11c3e695401.jpg</filename>
	<path>/my-project-name/c491ba89-2641-4655-b0fd-e11c3e695401.jpg</path>
	<source>
		<database>Unspecified</database>
	</source>
	<size>
		<width>720</width>
		<height>1280</height>
		<depth>3</depth>
	</size>
	<object>
		<name>odometer</name>
		<pose>Unspecified</pose>
		<truncated>Unspecified</truncated>
		<difficult>Unspecified</difficult>
		<bndbox>
			<xmin>189</xmin>
			<ymin>539</ymin>
			<xmax>455</xmax>
			<ymax>627</ymax>
		</bndbox>
	</object>
</annotation>