<annotation>
	<folder>my-project-name</folder>
	<filename>c807aaad-c175-4396-a8d3-466c4ef73078.jpg</filename>
	<path>/my-project-name/c807aaad-c175-4396-a8d3-466c4ef73078.jpg</path>
	<source>
		<database>Unspecified</database>
	</source>
	<size>
		<width>720</width>
		<height>1280</height>
		<depth>3</depth>
	</size>
	<object>
		<name>odometer</name>
		<pose>Unspecified</pose>
		<truncated>Unspecified</truncated>
		<difficult>Unspecified</difficult>
		<bndbox>
			<xmin>121</xmin>
			<ymin>651</ymin>
			<xmax>626</xmax>
			<ymax>836</ymax>
		</bndbox>
	</object>
</annotation>