<annotation>
	<folder>my-project-name</folder>
	<filename>d1852ab9-9650-4bbe-9143-f06e69ee424b.jpg</filename>
	<path>/my-project-name/d1852ab9-9650-4bbe-9143-f06e69ee424b.jpg</path>
	<source>
		<database>Unspecified</database>
	</source>
	<size>
		<width>1280</width>
		<height>720</height>
		<depth>3</depth>
	</size>
	<object>
		<name>odometer</name>
		<pose>Unspecified</pose>
		<truncated>Unspecified</truncated>
		<difficult>Unspecified</difficult>
		<bndbox>
			<xmin>393</xmin>
			<ymin>284</ymin>
			<xmax>812</xmax>
			<ymax>434</ymax>
		</bndbox>
	</object>
</annotation>