<annotation>
	<folder>my-project-name</folder>
	<filename>d3686a26-0f15-44ec-b1eb-aadf9cf9f268.jpg</filename>
	<path>/my-project-name/d3686a26-0f15-44ec-b1eb-aadf9cf9f268.jpg</path>
	<source>
		<database>Unspecified</database>
	</source>
	<size>
		<width>1280</width>
		<height>720</height>
		<depth>3</depth>
	</size>
	<object>
		<name>odometer</name>
		<pose>Unspecified</pose>
		<truncated>Unspecified</truncated>
		<difficult>Unspecified</difficult>
		<bndbox>
			<xmin>381</xmin>
			<ymin>226</ymin>
			<xmax>743</xmax>
			<ymax>336</ymax>
		</bndbox>
	</object>
</annotation>