<annotation>
	<folder>my-project-name</folder>
	<filename>d3720649-abe7-4dfe-a9a5-a807513af40e.jpg</filename>
	<path>/my-project-name/d3720649-abe7-4dfe-a9a5-a807513af40e.jpg</path>
	<source>
		<database>Unspecified</database>
	</source>
	<size>
		<width>1280</width>
		<height>720</height>
		<depth>3</depth>
	</size>
	<object>
		<name>odometer</name>
		<pose>Unspecified</pose>
		<truncated>Unspecified</truncated>
		<difficult>Unspecified</difficult>
		<bndbox>
			<xmin>565</xmin>
			<ymin>325</ymin>
			<xmax>882</xmax>
			<ymax>424</ymax>
		</bndbox>
	</object>
</annotation>