<annotation>
	<folder>my-project-name</folder>
	<filename>d9856422-9266-40e7-9881-6e648d7b7311.jpg</filename>
	<path>/my-project-name/d9856422-9266-40e7-9881-6e648d7b7311.jpg</path>
	<source>
		<database>Unspecified</database>
	</source>
	<size>
		<width>1280</width>
		<height>720</height>
		<depth>3</depth>
	</size>
	<object>
		<name>odometer</name>
		<pose>Unspecified</pose>
		<truncated>Unspecified</truncated>
		<difficult>Unspecified</difficult>
		<bndbox>
			<xmin>404</xmin>
			<ymin>235</ymin>
			<xmax>718</xmax>
			<ymax>333</ymax>
		</bndbox>
	</object>
</annotation>