<annotation>
	<folder>my-project-name</folder>
	<filename>e1b76061-d9f1-412f-b748-f7edb3dc47b7.jpg</filename>
	<path>/my-project-name/e1b76061-d9f1-412f-b748-f7edb3dc47b7.jpg</path>
	<source>
		<database>Unspecified</database>
	</source>
	<size>
		<width>1280</width>
		<height>720</height>
		<depth>3</depth>
	</size>
	<object>
		<name>odometer</name>
		<pose>Unspecified</pose>
		<truncated>Unspecified</truncated>
		<difficult>Unspecified</difficult>
		<bndbox>
			<xmin>256</xmin>
			<ymin>345</ymin>
			<xmax>694</xmax>
			<ymax>480</ymax>
		</bndbox>
	</object>
</annotation>