<annotation>
	<folder>my-project-name</folder>
	<filename>e67d49ff-02e1-4f58-8517-8e14b9c0b9aa.jpg</filename>
	<path>/my-project-name/e67d49ff-02e1-4f58-8517-8e14b9c0b9aa.jpg</path>
	<source>
		<database>Unspecified</database>
	</source>
	<size>
		<width>720</width>
		<height>1280</height>
		<depth>3</depth>
	</size>
	<object>
		<name>odometer</name>
		<pose>Unspecified</pose>
		<truncated>Unspecified</truncated>
		<difficult>Unspecified</difficult>
		<bndbox>
			<xmin>136</xmin>
			<ymin>419</ymin>
			<xmax>455</xmax>
			<ymax>524</ymax>
		</bndbox>
	</object>
</annotation>