<annotation>
	<folder>my-project-name</folder>
	<filename>ebc8c2e6-2031-4b0d-a0f5-c8949cbed252.jpg</filename>
	<path>/my-project-name/ebc8c2e6-2031-4b0d-a0f5-c8949cbed252.jpg</path>
	<source>
		<database>Unspecified</database>
	</source>
	<size>
		<width>1280</width>
		<height>720</height>
		<depth>3</depth>
	</size>
	<object>
		<name>odometer</name>
		<pose>Unspecified</pose>
		<truncated>Unspecified</truncated>
		<difficult>Unspecified</difficult>
		<bndbox>
			<xmin>104</xmin>
			<ymin>304</ymin>
			<xmax>580</xmax>
			<ymax>550</ymax>
		</bndbox>
	</object>
</annotation>