<annotation>
	<folder>my-project-name</folder>
	<filename>ebd36f21-84e6-4136-b2fc-836392b7b620.jpg</filename>
	<path>/my-project-name/ebd36f21-84e6-4136-b2fc-836392b7b620.jpg</path>
	<source>
		<database>Unspecified</database>
	</source>
	<size>
		<width>1280</width>
		<height>720</height>
		<depth>3</depth>
	</size>
	<object>
		<name>odometer</name>
		<pose>Unspecified</pose>
		<truncated>Unspecified</truncated>
		<difficult>Unspecified</difficult>
		<bndbox>
			<xmin>167</xmin>
			<ymin>200</ymin>
			<xmax>761</xmax>
			<ymax>353</ymax>
		</bndbox>
	</object>
</annotation>