<annotation>
	<folder>my-project-name</folder>
	<filename>ece73949-6dc1-43af-b00b-3e78d7d16b28.jpg</filename>
	<path>/my-project-name/ece73949-6dc1-43af-b00b-3e78d7d16b28.jpg</path>
	<source>
		<database>Unspecified</database>
	</source>
	<size>
		<width>720</width>
		<height>1280</height>
		<depth>3</depth>
	</size>
	<object>
		<name>odometer</name>
		<pose>Unspecified</pose>
		<truncated>Unspecified</truncated>
		<difficult>Unspecified</difficult>
		<bndbox>
			<xmin>116</xmin>
			<ymin>536</ymin>
			<xmax>445</xmax>
			<ymax>658</ymax>
		</bndbox>
	</object>
</annotation>