<annotation>
	<folder>my-project-name</folder>
	<filename>eef0ed6d-2ce9-4966-8822-b9913de54070.jpg</filename>
	<path>/my-project-name/eef0ed6d-2ce9-4966-8822-b9913de54070.jpg</path>
	<source>
		<database>Unspecified</database>
	</source>
	<size>
		<width>1280</width>
		<height>720</height>
		<depth>3</depth>
	</size>
	<object>
		<name>odometer</name>
		<pose>Unspecified</pose>
		<truncated>Unspecified</truncated>
		<difficult>Unspecified</difficult>
		<bndbox>
			<xmin>190</xmin>
			<ymin>299</ymin>
			<xmax>918</xmax>
			<ymax>497</ymax>
		</bndbox>
	</object>
</annotation>