<annotation>
	<folder>my-project-name</folder>
	<filename>ef5c63c8-1e8b-4365-87fb-3a9434ddafa0.jpg</filename>
	<path>/my-project-name/ef5c63c8-1e8b-4365-87fb-3a9434ddafa0.jpg</path>
	<source>
		<database>Unspecified</database>
	</source>
	<size>
		<width>1280</width>
		<height>720</height>
		<depth>3</depth>
	</size>
	<object>
		<name>odometer</name>
		<pose>Unspecified</pose>
		<truncated>Unspecified</truncated>
		<difficult>Unspecified</difficult>
		<bndbox>
			<xmin>405</xmin>
			<ymin>361</ymin>
			<xmax>792</xmax>
			<ymax>480</ymax>
		</bndbox>
	</object>
</annotation>