<annotation>
	<folder>my-project-name</folder>
	<filename>fdbdfc3c-5c7e-4dd8-a392-6b5624410ecd.jpg</filename>
	<path>/my-project-name/fdbdfc3c-5c7e-4dd8-a392-6b5624410ecd.jpg</path>
	<source>
		<database>Unspecified</database>
	</source>
	<size>
		<width>1280</width>
		<height>720</height>
		<depth>3</depth>
	</size>
	<object>
		<name>odometer</name>
		<pose>Unspecified</pose>
		<truncated>Unspecified</truncated>
		<difficult>Unspecified</difficult>
		<bndbox>
			<xmin>344</xmin>
			<ymin>404</ymin>
			<xmax>672</xmax>
			<ymax>522</ymax>
		</bndbox>
	</object>
</annotation>