<annotation>
	<folder>my-project-name</folder>
	<filename>WhatsApp Image 2021-06-11 at 3.32.55 PM (2).jpeg</filename>
	<path>/my-project-name/WhatsApp Image 2021-06-11 at 3.32.55 PM (2).jpeg</path>
	<source>
		<database>Unspecified</database>
	</source>
	<size>
		<width>1040</width>
		<height>520</height>
		<depth>3</depth>
	</size>
	<object>
		<name>odometer</name>
		<pose>Unspecified</pose>
		<truncated>Unspecified</truncated>
		<difficult>Unspecified</difficult>
		<bndbox>
			<xmin>302</xmin>
			<ymin>183</ymin>
			<xmax>583</xmax>
			<ymax>313</ymax>
		</bndbox>
	</object>
</annotation>