<annotation>
	<folder>my-project-name</folder>
	<filename>WhatsApp Image 2021-06-11 at 3.32.50 PM.jpeg</filename>
	<path>/my-project-name/WhatsApp Image 2021-06-11 at 3.32.50 PM.jpeg</path>
	<source>
		<database>Unspecified</database>
	</source>
	<size>
		<width>1280</width>
		<height>720</height>
		<depth>3</depth>
	</size>
	<object>
		<name>odometer</name>
		<pose>Unspecified</pose>
		<truncated>Unspecified</truncated>
		<difficult>Unspecified</difficult>
		<bndbox>
			<xmin>553</xmin>
			<ymin>134</ymin>
			<xmax>867</xmax>
			<ymax>306</ymax>
		</bndbox>
	</object>
</annotation>