<annotation>
	<folder>my-project-name</folder>
	<filename>WhatsApp Image 2021-06-11 at 3.32.53 PM.jpeg</filename>
	<path>/my-project-name/WhatsApp Image 2021-06-11 at 3.32.53 PM.jpeg</path>
	<source>
		<database>Unspecified</database>
	</source>
	<size>
		<width>720</width>
		<height>1280</height>
		<depth>3</depth>
	</size>
	<object>
		<name>odometer</name>
		<pose>Unspecified</pose>
		<truncated>Unspecified</truncated>
		<difficult>Unspecified</difficult>
		<bndbox>
			<xmin>221</xmin>
			<ymin>437</ymin>
			<xmax>413</xmax>
			<ymax>514</ymax>
		</bndbox>
	</object>
</annotation>