<annotation>
	<folder>my-project-name</folder>
	<filename>WhatsApp Image 2021-06-11 at 3.33.12 PM.jpeg</filename>
	<path>/my-project-name/WhatsApp Image 2021-06-11 at 3.33.12 PM.jpeg</path>
	<source>
		<database>Unspecified</database>
	</source>
	<size>
		<width>1280</width>
		<height>720</height>
		<depth>3</depth>
	</size>
	<object>
		<name>odometer</name>
		<pose>Unspecified</pose>
		<truncated>Unspecified</truncated>
		<difficult>Unspecified</difficult>
		<bndbox>
			<xmin>181</xmin>
			<ymin>304</ymin>
			<xmax>540</xmax>
			<ymax>401</ymax>
		</bndbox>
	</object>
</annotation>